﻿<?xml version="1.0" encoding="UTF-8" standalone="yes"?>
<addon id="repository.avs" 
		name="AVS Repository" 
		version="0.0.5"
		provider-name="VedVdeV">
	<extension point="xbmc.addon.repository" name="AVS Repository">
		<dir>
			<info compressed="false">https://raw.githubusercontent.com/t3a2/avs-addons/master/addons.xml</info>
			<checksum>https://raw.githubusercontent.com/t3a2/avs-addons/master/addons.xml.md5</checksum>
			<datadir zip="true">https://github.com/t3a2/avs-addons/raw/master/zips</datadir>
		</dir>
		<dir>
			<info compressed="false">https://raw.githubusercontent.com/Gujal00/smrzips/master/addons.xml</info>
			<checksum>https://raw.githubusercontent.com/Gujal00/smrzips/master/addons.xml.md5</checksum>
			<datadir zip="true">https://raw.githubusercontent.com/Gujal00/smrzips/master/zips/</datadir>
		</dir>
		<dir>
			<info compressed="false">https://raw.githubusercontent.com/jsergio123/zips/master/addons.xml</info>
			<checksum>https://raw.githubusercontent.com/jsergio123/zips/master/addons.xml.md5</checksum>
			<datadir zip="true">https://raw.githubusercontent.com/jsergio123/zips/master/</datadir>
		</dir>
	</extension>
	<extension point="xbmc.addon.metadata">
		<summary lang="en">Install addons from AVS Repository</summary>
		<description lang="en">Download and install addons from AVS Repository</description>
		<platform>all</platform>
	</extension>
</addon>